PRAGMA foreign_keys=OFF;
BEGIN TRANSACTION;
CREATE TABLE "django_migrations" ("id" integer NOT NULL PRIMARY KEY AUTOINCREMENT, "app" varchar(255) NOT NULL, "name" varchar(255) NOT NULL, "applied" datetime NOT NULL);
INSERT INTO "django_migrations" VALUES(1,'contenttypes','0001_initial','2019-10-02 22:09:42.248114');
INSERT INTO "django_migrations" VALUES(2,'auth','0001_initial','2019-10-02 22:09:42.268569');
INSERT INTO "django_migrations" VALUES(3,'admin','0001_initial','2019-10-02 22:09:42.285982');
INSERT INTO "django_migrations" VALUES(4,'admin','0002_logentry_remove_auto_add','2019-10-02 22:09:42.303548');
INSERT INTO "django_migrations" VALUES(5,'admin','0003_logentry_add_action_flag_choices','2019-10-02 22:09:42.325338');
INSERT INTO "django_migrations" VALUES(6,'contenttypes','0002_remove_content_type_name','2019-10-02 22:09:42.350701');
INSERT INTO "django_migrations" VALUES(7,'auth','0002_alter_permission_name_max_length','2019-10-02 22:09:42.362909');
INSERT INTO "django_migrations" VALUES(8,'auth','0003_alter_user_email_max_length','2019-10-02 22:09:42.379889');
INSERT INTO "django_migrations" VALUES(9,'auth','0004_alter_user_username_opts','2019-10-02 22:09:42.396564');
INSERT INTO "django_migrations" VALUES(10,'auth','0005_alter_user_last_login_null','2019-10-02 22:09:42.412439');
INSERT INTO "django_migrations" VALUES(11,'auth','0006_require_contenttypes_0002','2019-10-02 22:09:42.418709');
INSERT INTO "django_migrations" VALUES(12,'auth','0007_alter_validators_add_error_messages','2019-10-02 22:09:42.433241');
INSERT INTO "django_migrations" VALUES(13,'auth','0008_alter_user_username_max_length','2019-10-02 22:09:42.448343');
INSERT INTO "django_migrations" VALUES(14,'auth','0009_alter_user_last_name_max_length','2019-10-02 22:09:42.469461');
INSERT INTO "django_migrations" VALUES(15,'auth','0010_alter_group_name_max_length','2019-10-02 22:09:42.483707');
INSERT INTO "django_migrations" VALUES(16,'auth','0011_update_proxy_permissions','2019-10-02 22:09:42.498588');
INSERT INTO "django_migrations" VALUES(17,'wagtailcore','0001_initial','2019-10-02 22:09:42.655290');
INSERT INTO "django_migrations" VALUES(18,'wagtailcore','0002_initial_data','2019-10-02 22:09:42.655738');
INSERT INTO "django_migrations" VALUES(19,'wagtailcore','0003_add_uniqueness_constraint_on_group_page_permission','2019-10-02 22:09:42.656125');
INSERT INTO "django_migrations" VALUES(20,'wagtailcore','0004_page_locked','2019-10-02 22:09:42.656506');
INSERT INTO "django_migrations" VALUES(21,'wagtailcore','0005_add_page_lock_permission_to_moderators','2019-10-02 22:09:42.656891');
INSERT INTO "django_migrations" VALUES(22,'wagtailcore','0006_add_lock_page_permission','2019-10-02 22:09:42.657271');
INSERT INTO "django_migrations" VALUES(23,'wagtailcore','0007_page_latest_revision_created_at','2019-10-02 22:09:42.657649');
INSERT INTO "django_migrations" VALUES(24,'wagtailcore','0008_populate_latest_revision_created_at','2019-10-02 22:09:42.658035');
INSERT INTO "django_migrations" VALUES(25,'wagtailcore','0009_remove_auto_now_add_from_pagerevision_created_at','2019-10-02 22:09:42.658413');
INSERT INTO "django_migrations" VALUES(26,'wagtailcore','0010_change_page_owner_to_null_on_delete','2019-10-02 22:09:42.658792');
INSERT INTO "django_migrations" VALUES(27,'wagtailcore','0011_page_first_published_at','2019-10-02 22:09:42.659170');
INSERT INTO "django_migrations" VALUES(28,'wagtailcore','0012_extend_page_slug_field','2019-10-02 22:09:42.659574');
INSERT INTO "django_migrations" VALUES(29,'wagtailcore','0013_update_golive_expire_help_text','2019-10-02 22:09:42.659982');
INSERT INTO "django_migrations" VALUES(30,'wagtailcore','0014_add_verbose_name','2019-10-02 22:09:42.660359');
INSERT INTO "django_migrations" VALUES(31,'wagtailcore','0015_add_more_verbose_names','2019-10-02 22:09:42.660737');
INSERT INTO "django_migrations" VALUES(32,'wagtailcore','0016_change_page_url_path_to_text_field','2019-10-02 22:09:42.661113');
INSERT INTO "django_migrations" VALUES(33,'wagtailcore','0017_change_edit_page_permission_description','2019-10-02 22:09:42.685541');
INSERT INTO "django_migrations" VALUES(34,'wagtailcore','0018_pagerevision_submitted_for_moderation_index','2019-10-02 22:09:42.708583');
INSERT INTO "django_migrations" VALUES(35,'wagtailcore','0019_verbose_names_cleanup','2019-10-02 22:09:42.765422');
INSERT INTO "django_migrations" VALUES(36,'wagtailcore','0020_add_index_on_page_first_published_at','2019-10-02 22:09:42.787290');
INSERT INTO "django_migrations" VALUES(37,'wagtailcore','0021_capitalizeverbose','2019-10-02 22:09:43.203108');
INSERT INTO "django_migrations" VALUES(38,'wagtailcore','0022_add_site_name','2019-10-02 22:09:43.223871');
INSERT INTO "django_migrations" VALUES(39,'wagtailcore','0023_alter_page_revision_on_delete_behaviour','2019-10-02 22:09:43.245195');
INSERT INTO "django_migrations" VALUES(40,'wagtailcore','0024_collection','2019-10-02 22:09:43.254696');
INSERT INTO "django_migrations" VALUES(41,'wagtailcore','0025_collection_initial_data','2019-10-02 22:09:43.275719');
INSERT INTO "django_migrations" VALUES(42,'wagtailcore','0026_group_collection_permission','2019-10-02 22:09:43.342259');
INSERT INTO "django_migrations" VALUES(43,'wagtailcore','0027_fix_collection_path_collation','2019-10-02 22:09:43.364854');
INSERT INTO "django_migrations" VALUES(44,'wagtailcore','0024_alter_page_content_type_on_delete_behaviour','2019-10-02 22:09:43.391920');
INSERT INTO "django_migrations" VALUES(45,'wagtailcore','0028_merge','2019-10-02 22:09:43.402212');
INSERT INTO "django_migrations" VALUES(46,'wagtailcore','0029_unicode_slugfield_dj19','2019-10-02 22:09:43.426250');
INSERT INTO "django_migrations" VALUES(47,'wagtailcore','0030_index_on_pagerevision_created_at','2019-10-02 22:09:43.448082');
INSERT INTO "django_migrations" VALUES(48,'wagtailcore','0031_add_page_view_restriction_types','2019-10-02 22:09:43.497154');
INSERT INTO "django_migrations" VALUES(49,'wagtailcore','0032_add_bulk_delete_page_permission','2019-10-02 22:09:43.522629');
INSERT INTO "django_migrations" VALUES(50,'wagtailcore','0033_remove_golive_expiry_help_text','2019-10-02 22:09:43.561837');
INSERT INTO "django_migrations" VALUES(51,'wagtailcore','0034_page_live_revision','2019-10-02 22:09:43.589889');
INSERT INTO "django_migrations" VALUES(52,'wagtailcore','0035_page_last_published_at','2019-10-02 22:09:43.614346');
INSERT INTO "django_migrations" VALUES(53,'wagtailcore','0036_populate_page_last_published_at','2019-10-02 22:09:43.637295');
INSERT INTO "django_migrations" VALUES(54,'wagtailcore','0037_set_page_owner_editable','2019-10-02 22:09:43.664177');
INSERT INTO "django_migrations" VALUES(55,'wagtailcore','0038_make_first_published_at_editable','2019-10-02 22:09:43.689154');
INSERT INTO "django_migrations" VALUES(56,'wagtailcore','0039_collectionviewrestriction','2019-10-02 22:09:43.731795');
INSERT INTO "django_migrations" VALUES(57,'wagtailcore','0040_page_draft_title','2019-10-02 22:09:43.774016');
INSERT INTO "django_migrations" VALUES(58,'wagtailcore','0041_group_collection_permissions_verbose_name_plural','2019-10-02 22:09:43.795824');
INSERT INTO "django_migrations" VALUES(59,'taggit','0001_initial','2019-10-02 22:09:43.823279');
INSERT INTO "django_migrations" VALUES(60,'taggit','0002_auto_20150616_2121','2019-10-02 22:09:43.840814');
INSERT INTO "django_migrations" VALUES(61,'greenhabits','0001_initial','2019-10-02 22:09:43.940001');
INSERT INTO "django_migrations" VALUES(62,'home','0001_initial','2019-10-02 22:09:43.971991');
INSERT INTO "django_migrations" VALUES(63,'home','0002_create_homepage','2019-10-02 22:09:44.018831');
INSERT INTO "django_migrations" VALUES(64,'sessions','0001_initial','2019-10-02 22:09:44.032654');
INSERT INTO "django_migrations" VALUES(65,'wagtailadmin','0001_create_admin_access_permissions','2019-10-02 22:09:44.074511');
INSERT INTO "django_migrations" VALUES(66,'wagtaildocs','0001_initial','2019-10-02 22:09:44.105497');
INSERT INTO "django_migrations" VALUES(67,'wagtaildocs','0002_initial_data','2019-10-02 22:09:44.152131');
INSERT INTO "django_migrations" VALUES(68,'wagtaildocs','0003_add_verbose_names','2019-10-02 22:09:44.204940');
INSERT INTO "django_migrations" VALUES(69,'wagtaildocs','0004_capitalizeverbose','2019-10-02 22:09:44.352087');
INSERT INTO "django_migrations" VALUES(70,'wagtaildocs','0005_document_collection','2019-10-02 22:09:44.388183');
INSERT INTO "django_migrations" VALUES(71,'wagtaildocs','0006_copy_document_permissions_to_collections','2019-10-02 22:09:44.429892');
INSERT INTO "django_migrations" VALUES(72,'wagtaildocs','0005_alter_uploaded_by_user_on_delete_action','2019-10-02 22:09:44.464461');
INSERT INTO "django_migrations" VALUES(73,'wagtaildocs','0007_merge','2019-10-02 22:09:44.477499');
INSERT INTO "django_migrations" VALUES(74,'wagtaildocs','0008_document_file_size','2019-10-02 22:09:44.508770');
INSERT INTO "django_migrations" VALUES(75,'wagtaildocs','0009_document_verbose_name_plural','2019-10-02 22:09:44.536559');
INSERT INTO "django_migrations" VALUES(76,'wagtaildocs','0010_document_file_hash','2019-10-02 22:09:44.566435');
INSERT INTO "django_migrations" VALUES(77,'wagtailembeds','0001_initial','2019-10-02 22:09:44.584640');
INSERT INTO "django_migrations" VALUES(78,'wagtailembeds','0002_add_verbose_names','2019-10-02 22:09:44.600516');
INSERT INTO "django_migrations" VALUES(79,'wagtailembeds','0003_capitalizeverbose','2019-10-02 22:09:44.615296');
INSERT INTO "django_migrations" VALUES(80,'wagtailembeds','0004_embed_verbose_name_plural','2019-10-02 22:09:44.629657');
INSERT INTO "django_migrations" VALUES(81,'wagtailembeds','0005_specify_thumbnail_url_max_length','2019-10-02 22:09:44.648396');
INSERT INTO "django_migrations" VALUES(82,'wagtailforms','0001_initial','2019-10-02 22:09:44.680758');
INSERT INTO "django_migrations" VALUES(83,'wagtailforms','0002_add_verbose_names','2019-10-02 22:09:44.716042');
INSERT INTO "django_migrations" VALUES(84,'wagtailforms','0003_capitalizeverbose','2019-10-02 22:09:44.752448');
INSERT INTO "django_migrations" VALUES(85,'wagtailimages','0001_initial','2019-10-02 22:09:44.879914');
INSERT INTO "django_migrations" VALUES(86,'wagtailimages','0002_initial_data','2019-10-02 22:09:44.880432');
INSERT INTO "django_migrations" VALUES(87,'wagtailimages','0003_fix_focal_point_fields','2019-10-02 22:09:44.880871');
INSERT INTO "django_migrations" VALUES(88,'wagtailimages','0004_make_focal_point_key_not_nullable','2019-10-02 22:09:44.881311');
INSERT INTO "django_migrations" VALUES(89,'wagtailimages','0005_make_filter_spec_unique','2019-10-02 22:09:44.881746');
INSERT INTO "django_migrations" VALUES(90,'wagtailimages','0006_add_verbose_names','2019-10-02 22:09:44.882180');
INSERT INTO "django_migrations" VALUES(91,'wagtailimages','0007_image_file_size','2019-10-02 22:09:44.882617');
INSERT INTO "django_migrations" VALUES(92,'wagtailimages','0008_image_created_at_index','2019-10-02 22:09:44.883058');
INSERT INTO "django_migrations" VALUES(93,'wagtailimages','0009_capitalizeverbose','2019-10-02 22:09:44.883512');
INSERT INTO "django_migrations" VALUES(94,'wagtailimages','0010_change_on_delete_behaviour','2019-10-02 22:09:44.883956');
INSERT INTO "django_migrations" VALUES(95,'wagtailimages','0011_image_collection','2019-10-02 22:09:44.884439');
INSERT INTO "django_migrations" VALUES(96,'wagtailimages','0012_copy_image_permissions_to_collections','2019-10-02 22:09:44.884874');
INSERT INTO "django_migrations" VALUES(97,'wagtailimages','0013_make_rendition_upload_callable','2019-10-02 22:09:44.885336');
INSERT INTO "django_migrations" VALUES(98,'wagtailimages','0014_add_filter_spec_field','2019-10-02 22:09:44.885800');
INSERT INTO "django_migrations" VALUES(99,'wagtailimages','0015_fill_filter_spec_field','2019-10-02 22:09:44.886253');
INSERT INTO "django_migrations" VALUES(100,'wagtailimages','0016_deprecate_rendition_filter_relation','2019-10-02 22:09:44.886687');
INSERT INTO "django_migrations" VALUES(101,'wagtailimages','0017_reduce_focal_point_key_max_length','2019-10-02 22:09:44.887127');
INSERT INTO "django_migrations" VALUES(102,'wagtailimages','0018_remove_rendition_filter','2019-10-02 22:09:44.887590');
INSERT INTO "django_migrations" VALUES(103,'wagtailimages','0019_delete_filter','2019-10-02 22:09:44.888025');
INSERT INTO "django_migrations" VALUES(104,'wagtailimages','0020_add-verbose-name','2019-10-02 22:09:44.888468');
INSERT INTO "django_migrations" VALUES(105,'wagtailimages','0021_image_file_hash','2019-10-02 22:09:44.888901');
INSERT INTO "django_migrations" VALUES(106,'wagtailredirects','0001_initial','2019-10-02 22:09:44.928316');
INSERT INTO "django_migrations" VALUES(107,'wagtailredirects','0002_add_verbose_names','2019-10-02 22:09:44.982070');
INSERT INTO "django_migrations" VALUES(108,'wagtailredirects','0003_make_site_field_editable','2019-10-02 22:09:45.022736');
INSERT INTO "django_migrations" VALUES(109,'wagtailredirects','0004_set_unique_on_path_and_site','2019-10-02 22:09:45.066677');
INSERT INTO "django_migrations" VALUES(110,'wagtailredirects','0005_capitalizeverbose','2019-10-02 22:09:45.245831');
INSERT INTO "django_migrations" VALUES(111,'wagtailredirects','0006_redirect_increase_max_length','2019-10-02 22:09:45.275310');
INSERT INTO "django_migrations" VALUES(112,'wagtailsearch','0001_initial','2019-10-02 22:09:45.347680');
INSERT INTO "django_migrations" VALUES(113,'wagtailsearch','0002_add_verbose_names','2019-10-02 22:09:45.428011');
INSERT INTO "django_migrations" VALUES(114,'wagtailsearch','0003_remove_editors_pick','2019-10-02 22:09:45.472437');
INSERT INTO "django_migrations" VALUES(115,'wagtailsearch','0004_querydailyhits_verbose_name_plural','2019-10-02 22:09:45.489997');
INSERT INTO "django_migrations" VALUES(116,'wagtailusers','0001_initial','2019-10-02 22:09:45.527166');
INSERT INTO "django_migrations" VALUES(117,'wagtailusers','0002_add_verbose_name_on_userprofile','2019-10-02 22:09:45.586443');
INSERT INTO "django_migrations" VALUES(118,'wagtailusers','0003_add_verbose_names','2019-10-02 22:09:45.616341');
INSERT INTO "django_migrations" VALUES(119,'wagtailusers','0004_capitalizeverbose','2019-10-02 22:09:45.687297');
INSERT INTO "django_migrations" VALUES(120,'wagtailusers','0005_make_related_name_wagtail_specific','2019-10-02 22:09:45.730001');
INSERT INTO "django_migrations" VALUES(121,'wagtailusers','0006_userprofile_prefered_language','2019-10-02 22:09:45.757985');
INSERT INTO "django_migrations" VALUES(122,'wagtailusers','0007_userprofile_current_time_zone','2019-10-02 22:09:45.785738');
INSERT INTO "django_migrations" VALUES(123,'wagtailusers','0008_userprofile_avatar','2019-10-02 22:09:45.816978');
INSERT INTO "django_migrations" VALUES(124,'wagtailusers','0009_userprofile_verbose_name_plural','2019-10-02 22:09:45.846617');
INSERT INTO "django_migrations" VALUES(125,'wagtailimages','0001_squashed_0021','2019-10-02 22:09:45.862252');
INSERT INTO "django_migrations" VALUES(126,'wagtailcore','0001_squashed_0016_change_page_url_path_to_text_field','2019-10-02 22:09:45.865884');
INSERT INTO "django_migrations" VALUES(127,'greenhabits','0002_auto_20191006_2317','2019-10-06 23:19:28.467029');
INSERT INTO "django_migrations" VALUES(128,'greenhabits','0003_auto_20191006_2320','2019-10-06 23:20:59.080683');
INSERT INTO "django_migrations" VALUES(129,'account','0001_initial','2019-10-12 12:19:30.459417');
INSERT INTO "django_migrations" VALUES(130,'account','0002_email_max_length','2019-10-12 12:19:30.496553');
INSERT INTO "django_migrations" VALUES(131,'sites','0001_initial','2019-10-12 12:19:30.519559');
INSERT INTO "django_migrations" VALUES(132,'sites','0002_alter_domain_unique','2019-10-12 12:19:30.539655');
INSERT INTO "django_migrations" VALUES(133,'socialaccount','0001_initial','2019-10-12 12:19:30.640164');
INSERT INTO "django_migrations" VALUES(134,'socialaccount','0002_token_max_lengths','2019-10-12 12:19:30.694635');
INSERT INTO "django_migrations" VALUES(135,'socialaccount','0003_extra_data_default_dict','2019-10-12 12:19:30.724777');
INSERT INTO "django_migrations" VALUES(136,'greenhabits','0004_remove_greenhabitpage_date','2019-10-12 20:53:27.038668');
CREATE TABLE "auth_group_permissions" ("id" integer NOT NULL PRIMARY KEY AUTOINCREMENT, "group_id" integer NOT NULL REFERENCES "auth_group" ("id") DEFERRABLE INITIALLY DEFERRED, "permission_id" integer NOT NULL REFERENCES "auth_permission" ("id") DEFERRABLE INITIALLY DEFERRED);
INSERT INTO "auth_group_permissions" VALUES(1,2,1);
INSERT INTO "auth_group_permissions" VALUES(2,1,1);
INSERT INTO "auth_group_permissions" VALUES(3,2,2);
INSERT INTO "auth_group_permissions" VALUES(4,2,3);
INSERT INTO "auth_group_permissions" VALUES(5,2,4);
INSERT INTO "auth_group_permissions" VALUES(6,1,2);
INSERT INTO "auth_group_permissions" VALUES(7,1,3);
INSERT INTO "auth_group_permissions" VALUES(8,1,4);
INSERT INTO "auth_group_permissions" VALUES(9,2,5);
INSERT INTO "auth_group_permissions" VALUES(10,2,6);
INSERT INTO "auth_group_permissions" VALUES(11,2,7);
INSERT INTO "auth_group_permissions" VALUES(12,1,5);
INSERT INTO "auth_group_permissions" VALUES(13,1,6);
INSERT INTO "auth_group_permissions" VALUES(14,1,7);
INSERT INTO "auth_group_permissions" VALUES(15,3,1);
CREATE TABLE "auth_user_groups" ("id" integer NOT NULL PRIMARY KEY AUTOINCREMENT, "user_id" integer NOT NULL REFERENCES "auth_user" ("id") DEFERRABLE INITIALLY DEFERRED, "group_id" integer NOT NULL REFERENCES "auth_group" ("id") DEFERRABLE INITIALLY DEFERRED);
INSERT INTO "auth_user_groups" VALUES(2,2,3);
CREATE TABLE "auth_user_user_permissions" ("id" integer NOT NULL PRIMARY KEY AUTOINCREMENT, "user_id" integer NOT NULL REFERENCES "auth_user" ("id") DEFERRABLE INITIALLY DEFERRED, "permission_id" integer NOT NULL REFERENCES "auth_permission" ("id") DEFERRABLE INITIALLY DEFERRED);
CREATE TABLE "django_admin_log" ("id" integer NOT NULL PRIMARY KEY AUTOINCREMENT, "action_time" datetime NOT NULL, "object_id" text NULL, "object_repr" varchar(200) NOT NULL, "change_message" text NOT NULL, "content_type_id" integer NULL REFERENCES "django_content_type" ("id") DEFERRABLE INITIALLY DEFERRED, "user_id" integer NOT NULL REFERENCES "auth_user" ("id") DEFERRABLE INITIALLY DEFERRED, "action_flag" smallint unsigned NOT NULL CHECK ("action_flag" >= 0));
CREATE TABLE "django_content_type" ("id" integer NOT NULL PRIMARY KEY AUTOINCREMENT, "app_label" varchar(100) NOT NULL, "model" varchar(100) NOT NULL);
INSERT INTO "django_content_type" VALUES(1,'wagtailcore','page');
INSERT INTO "django_content_type" VALUES(2,'home','homepage');
INSERT INTO "django_content_type" VALUES(3,'wagtailadmin','admin');
INSERT INTO "django_content_type" VALUES(4,'wagtaildocs','document');
INSERT INTO "django_content_type" VALUES(5,'wagtailimages','image');
INSERT INTO "django_content_type" VALUES(6,'greenhabits','greenhabitindexpage');
INSERT INTO "django_content_type" VALUES(7,'greenhabits','greenhabitpage');
INSERT INTO "django_content_type" VALUES(8,'greenhabits','greenhabittagindexpage');
INSERT INTO "django_content_type" VALUES(9,'greenhabits','greenhabitpagetag');
INSERT INTO "django_content_type" VALUES(10,'wagtailforms','formsubmission');
INSERT INTO "django_content_type" VALUES(11,'wagtailredirects','redirect');
INSERT INTO "django_content_type" VALUES(12,'wagtailembeds','embed');
INSERT INTO "django_content_type" VALUES(13,'wagtailusers','userprofile');
INSERT INTO "django_content_type" VALUES(14,'wagtailimages','rendition');
INSERT INTO "django_content_type" VALUES(15,'wagtailsearch','query');
INSERT INTO "django_content_type" VALUES(16,'wagtailsearch','querydailyhits');
INSERT INTO "django_content_type" VALUES(17,'wagtailcore','grouppagepermission');
INSERT INTO "django_content_type" VALUES(18,'wagtailcore','pagerevision');
INSERT INTO "django_content_type" VALUES(19,'wagtailcore','pageviewrestriction');
INSERT INTO "django_content_type" VALUES(20,'wagtailcore','site');
INSERT INTO "django_content_type" VALUES(21,'wagtailcore','collection');
INSERT INTO "django_content_type" VALUES(22,'wagtailcore','groupcollectionpermission');
INSERT INTO "django_content_type" VALUES(23,'wagtailcore','collectionviewrestriction');
INSERT INTO "django_content_type" VALUES(24,'taggit','tag');
INSERT INTO "django_content_type" VALUES(25,'taggit','taggeditem');
INSERT INTO "django_content_type" VALUES(26,'admin','logentry');
INSERT INTO "django_content_type" VALUES(27,'auth','permission');
INSERT INTO "django_content_type" VALUES(28,'auth','group');
INSERT INTO "django_content_type" VALUES(29,'auth','user');
INSERT INTO "django_content_type" VALUES(30,'contenttypes','contenttype');
INSERT INTO "django_content_type" VALUES(31,'sessions','session');
INSERT INTO "django_content_type" VALUES(32,'sites','site');
INSERT INTO "django_content_type" VALUES(33,'account','emailaddress');
INSERT INTO "django_content_type" VALUES(34,'account','emailconfirmation');
INSERT INTO "django_content_type" VALUES(35,'socialaccount','socialaccount');
INSERT INTO "django_content_type" VALUES(36,'socialaccount','socialapp');
INSERT INTO "django_content_type" VALUES(37,'socialaccount','socialtoken');
CREATE TABLE "auth_permission" ("id" integer NOT NULL PRIMARY KEY AUTOINCREMENT, "content_type_id" integer NOT NULL REFERENCES "django_content_type" ("id") DEFERRABLE INITIALLY DEFERRED, "codename" varchar(100) NOT NULL, "name" varchar(255) NOT NULL);
INSERT INTO "auth_permission" VALUES(1,3,'access_admin','Can access Wagtail admin');
INSERT INTO "auth_permission" VALUES(2,4,'add_document','Can add document');
INSERT INTO "auth_permission" VALUES(3,4,'change_document','Can change document');
INSERT INTO "auth_permission" VALUES(4,4,'delete_document','Can delete document');
INSERT INTO "auth_permission" VALUES(5,5,'add_image','Can add image');
INSERT INTO "auth_permission" VALUES(6,5,'change_image','Can change image');
INSERT INTO "auth_permission" VALUES(7,5,'delete_image','Can delete image');
INSERT INTO "auth_permission" VALUES(8,2,'add_homepage','Can add home page');
INSERT INTO "auth_permission" VALUES(9,2,'change_homepage','Can change home page');
INSERT INTO "auth_permission" VALUES(10,2,'delete_homepage','Can delete home page');
INSERT INTO "auth_permission" VALUES(11,2,'view_homepage','Can view home page');
INSERT INTO "auth_permission" VALUES(12,6,'add_greenhabitindexpage','Can add green habit index page');
INSERT INTO "auth_permission" VALUES(13,6,'change_greenhabitindexpage','Can change green habit index page');
INSERT INTO "auth_permission" VALUES(14,6,'delete_greenhabitindexpage','Can delete green habit index page');
INSERT INTO "auth_permission" VALUES(15,6,'view_greenhabitindexpage','Can view green habit index page');
INSERT INTO "auth_permission" VALUES(16,7,'add_greenhabitpage','Can add green habit page');
INSERT INTO "auth_permission" VALUES(17,7,'change_greenhabitpage','Can change green habit page');
INSERT INTO "auth_permission" VALUES(18,7,'delete_greenhabitpage','Can delete green habit page');
INSERT INTO "auth_permission" VALUES(19,7,'view_greenhabitpage','Can view green habit page');
INSERT INTO "auth_permission" VALUES(20,8,'add_greenhabittagindexpage','Can add green habit tag index page');
INSERT INTO "auth_permission" VALUES(21,8,'change_greenhabittagindexpage','Can change green habit tag index page');
INSERT INTO "auth_permission" VALUES(22,8,'delete_greenhabittagindexpage','Can delete green habit tag index page');
INSERT INTO "auth_permission" VALUES(23,8,'view_greenhabittagindexpage','Can view green habit tag index page');
INSERT INTO "auth_permission" VALUES(24,9,'add_greenhabitpagetag','Can add green habit page tag');
INSERT INTO "auth_permission" VALUES(25,9,'change_greenhabitpagetag','Can change green habit page tag');
INSERT INTO "auth_permission" VALUES(26,9,'delete_greenhabitpagetag','Can delete green habit page tag');
INSERT INTO "auth_permission" VALUES(27,9,'view_greenhabitpagetag','Can view green habit page tag');
INSERT INTO "auth_permission" VALUES(28,10,'add_formsubmission','Can add form submission');
INSERT INTO "auth_permission" VALUES(29,10,'change_formsubmission','Can change form submission');
INSERT INTO "auth_permission" VALUES(30,10,'delete_formsubmission','Can delete form submission');
INSERT INTO "auth_permission" VALUES(31,10,'view_formsubmission','Can view form submission');
INSERT INTO "auth_permission" VALUES(32,11,'add_redirect','Can add redirect');
INSERT INTO "auth_permission" VALUES(33,11,'change_redirect','Can change redirect');
INSERT INTO "auth_permission" VALUES(34,11,'delete_redirect','Can delete redirect');
INSERT INTO "auth_permission" VALUES(35,11,'view_redirect','Can view redirect');
INSERT INTO "auth_permission" VALUES(36,12,'add_embed','Can add embed');
INSERT INTO "auth_permission" VALUES(37,12,'change_embed','Can change embed');
INSERT INTO "auth_permission" VALUES(38,12,'delete_embed','Can delete embed');
INSERT INTO "auth_permission" VALUES(39,12,'view_embed','Can view embed');
INSERT INTO "auth_permission" VALUES(40,13,'add_userprofile','Can add user profile');
INSERT INTO "auth_permission" VALUES(41,13,'change_userprofile','Can change user profile');
INSERT INTO "auth_permission" VALUES(42,13,'delete_userprofile','Can delete user profile');
INSERT INTO "auth_permission" VALUES(43,13,'view_userprofile','Can view user profile');
INSERT INTO "auth_permission" VALUES(44,4,'view_document','Can view document');
INSERT INTO "auth_permission" VALUES(45,5,'view_image','Can view image');
INSERT INTO "auth_permission" VALUES(46,14,'add_rendition','Can add rendition');
INSERT INTO "auth_permission" VALUES(47,14,'change_rendition','Can change rendition');
INSERT INTO "auth_permission" VALUES(48,14,'delete_rendition','Can delete rendition');
INSERT INTO "auth_permission" VALUES(49,14,'view_rendition','Can view rendition');
INSERT INTO "auth_permission" VALUES(50,15,'add_query','Can add query');
INSERT INTO "auth_permission" VALUES(51,15,'change_query','Can change query');
INSERT INTO "auth_permission" VALUES(52,15,'delete_query','Can delete query');
INSERT INTO "auth_permission" VALUES(53,15,'view_query','Can view query');
INSERT INTO "auth_permission" VALUES(54,16,'add_querydailyhits','Can add Query Daily Hits');
INSERT INTO "auth_permission" VALUES(55,16,'change_querydailyhits','Can change Query Daily Hits');
INSERT INTO "auth_permission" VALUES(56,16,'delete_querydailyhits','Can delete Query Daily Hits');
INSERT INTO "auth_permission" VALUES(57,16,'view_querydailyhits','Can view Query Daily Hits');
INSERT INTO "auth_permission" VALUES(58,1,'add_page','Can add page');
INSERT INTO "auth_permission" VALUES(59,1,'change_page','Can change page');
INSERT INTO "auth_permission" VALUES(60,1,'delete_page','Can delete page');
INSERT INTO "auth_permission" VALUES(61,1,'view_page','Can view page');
INSERT INTO "auth_permission" VALUES(62,17,'add_grouppagepermission','Can add group page permission');
INSERT INTO "auth_permission" VALUES(63,17,'change_grouppagepermission','Can change group page permission');
INSERT INTO "auth_permission" VALUES(64,17,'delete_grouppagepermission','Can delete group page permission');
INSERT INTO "auth_permission" VALUES(65,17,'view_grouppagepermission','Can view group page permission');
INSERT INTO "auth_permission" VALUES(66,18,'add_pagerevision','Can add page revision');
INSERT INTO "auth_permission" VALUES(67,18,'change_pagerevision','Can change page revision');
INSERT INTO "auth_permission" VALUES(68,18,'delete_pagerevision','Can delete page revision');
INSERT INTO "auth_permission" VALUES(69,18,'view_pagerevision','Can view page revision');
INSERT INTO "auth_permission" VALUES(70,19,'add_pageviewrestriction','Can add page view restriction');
INSERT INTO "auth_permission" VALUES(71,19,'change_pageviewrestriction','Can change page view restriction');
INSERT INTO "auth_permission" VALUES(72,19,'delete_pageviewrestriction','Can delete page view restriction');
INSERT INTO "auth_permission" VALUES(73,19,'view_pageviewrestriction','Can view page view restriction');
INSERT INTO "auth_permission" VALUES(74,20,'add_site','Can add site');
INSERT INTO "auth_permission" VALUES(75,20,'change_site','Can change site');
INSERT INTO "auth_permission" VALUES(76,20,'delete_site','Can delete site');
INSERT INTO "auth_permission" VALUES(77,20,'view_site','Can view site');
INSERT INTO "auth_permission" VALUES(78,21,'add_collection','Can add collection');
INSERT INTO "auth_permission" VALUES(79,21,'change_collection','Can change collection');
INSERT INTO "auth_permission" VALUES(80,21,'delete_collection','Can delete collection');
INSERT INTO "auth_permission" VALUES(81,21,'view_collection','Can view collection');
INSERT INTO "auth_permission" VALUES(82,22,'add_groupcollectionpermission','Can add group collection permission');
INSERT INTO "auth_permission" VALUES(83,22,'change_groupcollectionpermission','Can change group collection permission');
INSERT INTO "auth_permission" VALUES(84,22,'delete_groupcollectionpermission','Can delete group collection permission');
INSERT INTO "auth_permission" VALUES(85,22,'view_groupcollectionpermission','Can view group collection permission');
INSERT INTO "auth_permission" VALUES(86,23,'add_collectionviewrestriction','Can add collection view restriction');
INSERT INTO "auth_permission" VALUES(87,23,'change_collectionviewrestriction','Can change collection view restriction');
INSERT INTO "auth_permission" VALUES(88,23,'delete_collectionviewrestriction','Can delete collection view restriction');
INSERT INTO "auth_permission" VALUES(89,23,'view_collectionviewrestriction','Can view collection view restriction');
INSERT INTO "auth_permission" VALUES(90,24,'add_tag','Can add Tag');
INSERT INTO "auth_permission" VALUES(91,24,'change_tag','Can change Tag');
INSERT INTO "auth_permission" VALUES(92,24,'delete_tag','Can delete Tag');
INSERT INTO "auth_permission" VALUES(93,24,'view_tag','Can view Tag');
INSERT INTO "auth_permission" VALUES(94,25,'add_taggeditem','Can add Tagged Item');
INSERT INTO "auth_permission" VALUES(95,25,'change_taggeditem','Can change Tagged Item');
INSERT INTO "auth_permission" VALUES(96,25,'delete_taggeditem','Can delete Tagged Item');
INSERT INTO "auth_permission" VALUES(97,25,'view_taggeditem','Can view Tagged Item');
INSERT INTO "auth_permission" VALUES(98,26,'add_logentry','Can add log entry');
INSERT INTO "auth_permission" VALUES(99,26,'change_logentry','Can change log entry');
INSERT INTO "auth_permission" VALUES(100,26,'delete_logentry','Can delete log entry');
INSERT INTO "auth_permission" VALUES(101,26,'view_logentry','Can view log entry');
INSERT INTO "auth_permission" VALUES(102,27,'add_permission','Can add permission');
INSERT INTO "auth_permission" VALUES(103,27,'change_permission','Can change permission');
INSERT INTO "auth_permission" VALUES(104,27,'delete_permission','Can delete permission');
INSERT INTO "auth_permission" VALUES(105,27,'view_permission','Can view permission');
INSERT INTO "auth_permission" VALUES(106,28,'add_group','Can add group');
INSERT INTO "auth_permission" VALUES(107,28,'change_group','Can change group');
INSERT INTO "auth_permission" VALUES(108,28,'delete_group','Can delete group');
INSERT INTO "auth_permission" VALUES(109,28,'view_group','Can view group');
INSERT INTO "auth_permission" VALUES(110,29,'add_user','Can add user');
INSERT INTO "auth_permission" VALUES(111,29,'change_user','Can change user');
INSERT INTO "auth_permission" VALUES(112,29,'delete_user','Can delete user');
INSERT INTO "auth_permission" VALUES(113,29,'view_user','Can view user');
INSERT INTO "auth_permission" VALUES(114,30,'add_contenttype','Can add content type');
INSERT INTO "auth_permission" VALUES(115,30,'change_contenttype','Can change content type');
INSERT INTO "auth_permission" VALUES(116,30,'delete_contenttype','Can delete content type');
INSERT INTO "auth_permission" VALUES(117,30,'view_contenttype','Can view content type');
INSERT INTO "auth_permission" VALUES(118,31,'add_session','Can add session');
INSERT INTO "auth_permission" VALUES(119,31,'change_session','Can change session');
INSERT INTO "auth_permission" VALUES(120,31,'delete_session','Can delete session');
INSERT INTO "auth_permission" VALUES(121,31,'view_session','Can view session');
INSERT INTO "auth_permission" VALUES(122,32,'add_site','Can add site');
INSERT INTO "auth_permission" VALUES(123,32,'change_site','Can change site');
INSERT INTO "auth_permission" VALUES(124,32,'delete_site','Can delete site');
INSERT INTO "auth_permission" VALUES(125,32,'view_site','Can view site');
INSERT INTO "auth_permission" VALUES(126,33,'add_emailaddress','Can add email address');
INSERT INTO "auth_permission" VALUES(127,33,'change_emailaddress','Can change email address');
INSERT INTO "auth_permission" VALUES(128,33,'delete_emailaddress','Can delete email address');
INSERT INTO "auth_permission" VALUES(129,33,'view_emailaddress','Can view email address');
INSERT INTO "auth_permission" VALUES(130,34,'add_emailconfirmation','Can add email confirmation');
INSERT INTO "auth_permission" VALUES(131,34,'change_emailconfirmation','Can change email confirmation');
INSERT INTO "auth_permission" VALUES(132,34,'delete_emailconfirmation','Can delete email confirmation');
INSERT INTO "auth_permission" VALUES(133,34,'view_emailconfirmation','Can view email confirmation');
INSERT INTO "auth_permission" VALUES(134,35,'add_socialaccount','Can add social account');
INSERT INTO "auth_permission" VALUES(135,35,'change_socialaccount','Can change social account');
INSERT INTO "auth_permission" VALUES(136,35,'delete_socialaccount','Can delete social account');
INSERT INTO "auth_permission" VALUES(137,35,'view_socialaccount','Can view social account');
INSERT INTO "auth_permission" VALUES(138,36,'add_socialapp','Can add social application');
INSERT INTO "auth_permission" VALUES(139,36,'change_socialapp','Can change social application');
INSERT INTO "auth_permission" VALUES(140,36,'delete_socialapp','Can delete social application');
INSERT INTO "auth_permission" VALUES(141,36,'view_socialapp','Can view social application');
INSERT INTO "auth_permission" VALUES(142,37,'add_socialtoken','Can add social application token');
INSERT INTO "auth_permission" VALUES(143,37,'change_socialtoken','Can change social application token');
INSERT INTO "auth_permission" VALUES(144,37,'delete_socialtoken','Can delete social application token');
INSERT INTO "auth_permission" VALUES(145,37,'view_socialtoken','Can view social application token');
CREATE TABLE "auth_user" ("id" integer NOT NULL PRIMARY KEY AUTOINCREMENT, "password" varchar(128) NOT NULL, "last_login" datetime NULL, "is_superuser" bool NOT NULL, "username" varchar(150) NOT NULL UNIQUE, "first_name" varchar(30) NOT NULL, "email" varchar(254) NOT NULL, "is_staff" bool NOT NULL, "is_active" bool NOT NULL, "date_joined" datetime NOT NULL, "last_name" varchar(150) NOT NULL);
INSERT INTO "auth_user" VALUES(1,'pbkdf2_sha256$150000$CTjQwxV2qJNy$e4SktrgNZpx6DdKmCno5OY2gFMWN4SRxyijN57Y5/no=','2019-10-26 23:12:18.512320',1,'yannvr','','yannvr@gmail.com',1,1,'2019-10-06 20:16:58.891658','');
INSERT INTO "auth_user" VALUES(2,'pbkdf2_sha256$150000$WFuHUDt5QbhB$o46JvM826sTJAs9TY8Jahdl8ClmURFLrc0JGCWdqX4w=','2019-10-11 23:59:58.481846',0,'dan','Dan','daniel.estevez.prado@gmail.com',0,1,'2019-10-11 23:32:07.326662','Prado');
INSERT INTO "auth_user" VALUES(3,'pbkdf2_sha256$150000$6z5yhCaD9oIh$Gl3u2vLf5uNjoW9izDfje8kwJYocXKn53jB7whCmHVs=',NULL,0,'removeme','','yann.vr@gmail.com',0,1,'2019-10-12 22:19:52.505354','');
CREATE TABLE "auth_group" ("id" integer NOT NULL PRIMARY KEY AUTOINCREMENT, "name" varchar(150) NOT NULL UNIQUE);
INSERT INTO "auth_group" VALUES(1,'Moderators');
INSERT INTO "auth_group" VALUES(2,'Editors');
INSERT INTO "auth_group" VALUES(3,'Contributor');
CREATE TABLE "wagtailcore_site" ("id" integer NOT NULL PRIMARY KEY AUTOINCREMENT, "hostname" varchar(255) NOT NULL, "port" integer NOT NULL, "is_default_site" bool NOT NULL, "root_page_id" integer NOT NULL REFERENCES "wagtailcore_page" ("id") DEFERRABLE INITIALLY DEFERRED, "site_name" varchar(255) NULL);
INSERT INTO "wagtailcore_site" VALUES(2,'localhost',80,1,3,NULL);
CREATE TABLE "wagtailcore_collection" ("id" integer NOT NULL PRIMARY KEY AUTOINCREMENT, "path" varchar(255) NOT NULL UNIQUE, "depth" integer unsigned NOT NULL CHECK ("depth" >= 0), "numchild" integer unsigned NOT NULL CHECK ("numchild" >= 0), "name" varchar(255) NOT NULL);
INSERT INTO "wagtailcore_collection" VALUES(1,'0001',1,0,'Root');
CREATE TABLE "wagtailcore_groupcollectionpermission" ("id" integer NOT NULL PRIMARY KEY AUTOINCREMENT, "collection_id" integer NOT NULL REFERENCES "wagtailcore_collection" ("id") DEFERRABLE INITIALLY DEFERRED, "group_id" integer NOT NULL REFERENCES "auth_group" ("id") DEFERRABLE INITIALLY DEFERRED, "permission_id" integer NOT NULL REFERENCES "auth_permission" ("id") DEFERRABLE INITIALLY DEFERRED);
INSERT INTO "wagtailcore_groupcollectionpermission" VALUES(1,1,2,2);
INSERT INTO "wagtailcore_groupcollectionpermission" VALUES(2,1,1,2);
INSERT INTO "wagtailcore_groupcollectionpermission" VALUES(3,1,2,3);
INSERT INTO "wagtailcore_groupcollectionpermission" VALUES(4,1,1,3);
INSERT INTO "wagtailcore_groupcollectionpermission" VALUES(5,1,2,5);
INSERT INTO "wagtailcore_groupcollectionpermission" VALUES(6,1,1,5);
INSERT INTO "wagtailcore_groupcollectionpermission" VALUES(7,1,2,6);
INSERT INTO "wagtailcore_groupcollectionpermission" VALUES(8,1,1,6);
CREATE TABLE "wagtailcore_pagerevision" ("id" integer NOT NULL PRIMARY KEY AUTOINCREMENT, "submitted_for_moderation" bool NOT NULL, "content_json" text NOT NULL, "approved_go_live_at" datetime NULL, "page_id" integer NOT NULL REFERENCES "wagtailcore_page" ("id") DEFERRABLE INITIALLY DEFERRED, "user_id" integer NULL REFERENCES "auth_user" ("id") DEFERRABLE INITIALLY DEFERRED, "created_at" datetime NOT NULL);
INSERT INTO "wagtailcore_pagerevision" VALUES(1,0,'{"pk": 4, "path": "000100010001", "depth": 3, "numchild": 0, "title": "Green Habits Full list", "draft_title": "Green Habits Full list", "slug": "green-habits-full-list", "content_type": 6, "live": true, "has_unpublished_changes": false, "url_path": "/home/green-habits-full-list/", "owner": 1, "seo_title": "", "show_in_menus": false, "search_description": "", "go_live_at": null, "expire_at": null, "expired": false, "locked": false, "first_published_at": null, "last_published_at": null, "latest_revision_created_at": null, "live_revision": null, "intro": "<p>All green habits submissions</p>"}',NULL,4,1,'2019-10-06 22:06:36.007297');
INSERT INTO "wagtailcore_pagerevision" VALUES(2,0,'{"pk": 4, "path": "000100010001", "depth": 3, "numchild": 0, "title": "Green Habits Full list", "draft_title": "Green Habits Full list", "slug": "green-habits", "content_type": 6, "live": true, "has_unpublished_changes": false, "url_path": "/home/green-habits-full-list/", "owner": 1, "seo_title": "", "show_in_menus": false, "search_description": "", "go_live_at": null, "expire_at": null, "expired": false, "locked": false, "first_published_at": "2019-10-06T22:06:36.027Z", "last_published_at": "2019-10-06T22:06:36.027Z", "latest_revision_created_at": "2019-10-06T22:06:36.007Z", "live_revision": 1, "intro": "<p>All green habits submissions</p>"}',NULL,4,1,'2019-10-06 22:09:44.602838');
INSERT INTO "wagtailcore_pagerevision" VALUES(3,0,'{"pk": 4, "path": "000100010001", "depth": 3, "numchild": 0, "title": "Green Habits Full list", "draft_title": "Green Habits Full list", "slug": "green-habits", "content_type": 6, "live": true, "has_unpublished_changes": true, "url_path": "/home/green-habits/", "owner": 1, "seo_title": "", "show_in_menus": false, "search_description": "", "go_live_at": null, "expire_at": null, "expired": false, "locked": false, "first_published_at": "2019-10-06T22:06:36.027Z", "last_published_at": "2019-10-06T22:06:36.027Z", "latest_revision_created_at": "2019-10-06T22:09:44.602Z", "live_revision": 1, "intro": "<p>All green habits submissions</p>"}',NULL,4,1,'2019-10-06 22:09:54.339249');
INSERT INTO "wagtailcore_pagerevision" VALUES(4,0,'{"pk": 5, "path": "000100010002", "depth": 3, "numchild": 0, "title": "The hunger game", "draft_title": "The hunger game", "slug": "hunger-game", "content_type": 7, "live": false, "has_unpublished_changes": false, "url_path": "/home/hunger-game/", "owner": 1, "seo_title": "", "show_in_menus": false, "search_description": "", "go_live_at": null, "expire_at": null, "expired": false, "locked": false, "first_published_at": null, "last_published_at": null, "latest_revision_created_at": null, "live_revision": null, "date": "2019-10-06", "header": "", "type": "law", "summary": "Eating is for survival. Not to satisfy social norms.", "body": "<p>We have been conditioned to eat three times a day. Parents are effectively force feeding their children while effectively, their growth is coded in their DNA therefore the diet, while instrumental, is not the driver of their physical development.<br/>There is no need to eat, work and repeat without assessing what we eat for and what we sleep for.</p>", "link": "", "reference": "", "notes": "", "tagged_items": [{"pk": 1, "tag": 1, "content_object": 5}, {"pk": 2, "tag": 2, "content_object": 5}, {"pk": 3, "tag": 3, "content_object": 5}]}',NULL,5,1,'2019-10-06 23:21:03.483783');
INSERT INTO "wagtailcore_pagerevision" VALUES(5,0,'{"pk": 5, "path": "000100010002", "depth": 3, "numchild": 0, "title": "The hunger game", "draft_title": "The hunger game", "slug": "hunger-game", "content_type": 7, "live": false, "has_unpublished_changes": true, "url_path": "/home/hunger-game/", "owner": 1, "seo_title": "", "show_in_menus": false, "search_description": "", "go_live_at": null, "expire_at": null, "expired": false, "locked": false, "first_published_at": null, "last_published_at": null, "latest_revision_created_at": "2019-10-06T23:21:03.483Z", "live_revision": null, "date": "2019-10-06", "header": "", "type": "law", "summary": "Eating is for survival. Not to satisfy social norms.", "body": "<p>We have been conditioned to eat three times a day. Parents are effectively force feeding their children while effectively, their growth is coded in their DNA therefore the diet, while instrumental, is not the driver of their physical development.<br/>There is no need to eat, work and repeat without assessing what we eat for and what we sleep for.</p>", "link": "", "reference": "", "notes": "", "tagged_items": [{"pk": null, "tag": 1, "content_object": 5}, {"pk": null, "tag": 2, "content_object": 5}, {"pk": null, "tag": 3, "content_object": 5}]}',NULL,5,1,'2019-10-06 23:21:32.849896');
INSERT INTO "wagtailcore_pagerevision" VALUES(6,0,'{"pk": 4, "path": "000100010001", "depth": 3, "numchild": 1, "title": "Green Habits Full list", "draft_title": "Green Habits Full list", "slug": "green-habits", "content_type": 6, "live": true, "has_unpublished_changes": false, "url_path": "/home/green-habits/", "owner": 1, "seo_title": "Summary of all Green Habits (to triage)", "show_in_menus": false, "search_description": "", "go_live_at": null, "expire_at": null, "expired": false, "locked": false, "first_published_at": "2019-10-06T22:06:36.027Z", "last_published_at": "2019-10-06T22:09:54.362Z", "latest_revision_created_at": "2019-10-06T22:09:54.339Z", "live_revision": 3, "intro": "<p>All green habits submissions</p>"}',NULL,4,1,'2019-10-06 23:23:22.573511');
INSERT INTO "wagtailcore_pagerevision" VALUES(7,0,'{"pk": 5, "path": "0001000100010001", "depth": 4, "numchild": 0, "title": "The hunger game", "draft_title": "The hunger game", "slug": "hunger-game", "content_type": 7, "live": true, "has_unpublished_changes": false, "url_path": "/home/green-habits/hunger-game/", "owner": 1, "seo_title": "", "show_in_menus": false, "search_description": "", "go_live_at": null, "expire_at": null, "expired": false, "locked": false, "first_published_at": "2019-10-06T23:21:32.879Z", "last_published_at": "2019-10-06T23:21:32.879Z", "latest_revision_created_at": "2019-10-06T23:21:32.849Z", "live_revision": 5, "date": "2019-10-06", "header": "", "type": "law", "summary": "Eating is for survival. Not to satisfy social norms.", "body": "<p>We have been conditioned to eat three times a day. Parents are effectively force feeding their children while effectively, their growth is coded in their DNA therefore the diet, while instrumental, is not the driver of their physical development.<br/>There is no need to eat, work and repeat without assessing what we eat for and what we sleep for.</p>", "link": "", "reference": "", "notes": "", "tagged_items": [{"pk": null, "tag": 1, "content_object": 5}, {"pk": null, "tag": 2, "content_object": 5}, {"pk": null, "tag": 3, "content_object": 5}]}',NULL,5,1,'2019-10-06 23:23:52.774479');
INSERT INTO "wagtailcore_pagerevision" VALUES(8,0,'{"pk": 5, "path": "0001000100010001", "depth": 4, "numchild": 0, "title": "The hunger game", "draft_title": "The hunger game", "slug": "hunger-game", "content_type": 7, "live": true, "has_unpublished_changes": false, "url_path": "/home/green-habits/hunger-game/", "owner": 1, "seo_title": "", "show_in_menus": false, "search_description": "", "go_live_at": null, "expire_at": null, "expired": false, "locked": false, "first_published_at": "2019-10-06T23:21:32.879Z", "last_published_at": "2019-10-06T23:23:52.806Z", "latest_revision_created_at": "2019-10-06T23:23:52.774Z", "live_revision": 7, "date": "2019-10-06", "header": "", "type": "law", "summary": "Eating is for survival. Not to satisfy social norms.", "body": "<p>We have been conditioned to eat three times a day. Parents are effectively force feeding their children while effectively, their growth is coded in their DNA therefore the diet, while instrumental, is not the driver of their physical development.<br/>There is no need to eat, work and repeat without assessing what we eat for and what we sleep for.</p>", "link": "", "reference": "", "notes": "", "tagged_items": [{"pk": null, "tag": 1, "content_object": 5}, {"pk": null, "tag": 2, "content_object": 5}, {"pk": null, "tag": 3, "content_object": 5}]}',NULL,5,1,'2019-10-11 21:29:23.719242');
INSERT INTO "wagtailcore_pagerevision" VALUES(9,0,'{"pk": 6, "path": "00010001000100010001", "depth": 5, "numchild": 0, "title": "test Dan", "draft_title": "test Dan", "slug": "test-dan", "content_type": 7, "live": false, "has_unpublished_changes": false, "url_path": "/home/green-habits/hunger-game/test-dan/", "owner": 2, "seo_title": "", "show_in_menus": false, "search_description": "", "go_live_at": null, "expire_at": null, "expired": false, "locked": false, "first_published_at": null, "last_published_at": null, "latest_revision_created_at": null, "live_revision": null, "date": "2019-10-12", "header": "", "type": "essential", "summary": "Fill me up", "body": "", "link": "", "reference": "", "notes": "", "tagged_items": []}',NULL,6,2,'2019-10-12 00:05:45.351542');
INSERT INTO "wagtailcore_pagerevision" VALUES(11,0,'{"pk": 8, "path": "0001000100010003", "depth": 4, "numchild": 0, "title": "The Truth", "draft_title": "The Truth", "slug": "truth", "content_type": 7, "live": false, "has_unpublished_changes": false, "url_path": "/home/green-habits/truth/", "owner": 1, "seo_title": "", "show_in_menus": false, "search_description": "", "go_live_at": null, "expire_at": null, "expired": false, "locked": false, "first_published_at": null, "last_published_at": null, "latest_revision_created_at": null, "live_revision": null, "date": "2019-10-12", "header": "", "type": "law", "summary": "We are facing an unprecedented global emergency. Life on Earth is in crisis: scientists agree we have entered a period of abrupt climate breakdown, and we are in the midst of a mass extinction of our own making.", "body": "", "link": "", "reference": "", "notes": "", "tagged_items": [{"pk": 13, "tag": 4, "content_object": 8}, {"pk": 14, "tag": 5, "content_object": 8}, {"pk": 15, "tag": 6, "content_object": 8}]}',NULL,8,1,'2019-10-12 09:26:51.006258');
INSERT INTO "wagtailcore_pagerevision" VALUES(12,0,'{"pk": 9, "path": "0001000100010004", "depth": 4, "numchild": 0, "title": "Quick shower", "draft_title": "Quick shower", "slug": "quick-shower", "content_type": 7, "live": false, "has_unpublished_changes": false, "url_path": "/home/green-habits/quick-shower/", "owner": 1, "seo_title": "", "show_in_menus": false, "search_description": "", "go_live_at": null, "expire_at": null, "expired": false, "locked": false, "first_published_at": null, "last_published_at": null, "latest_revision_created_at": null, "live_revision": null, "header": "", "type": "law", "summary": "fast shower are more energising", "body": "", "link": "", "reference": "", "notes": "", "tagged_items": []}',NULL,9,1,'2019-10-12 20:53:38.446712');
INSERT INTO "wagtailcore_pagerevision" VALUES(13,0,'{"pk": 9, "path": "0001000100010004", "depth": 4, "numchild": 0, "title": "Quick shower", "draft_title": "Quick shower", "slug": "quick-shower", "content_type": 7, "live": false, "has_unpublished_changes": true, "url_path": "/home/green-habits/quick-shower/", "owner": 1, "seo_title": "", "show_in_menus": false, "search_description": "", "go_live_at": null, "expire_at": null, "expired": false, "locked": false, "first_published_at": null, "last_published_at": null, "latest_revision_created_at": "2019-10-12T20:53:38.446Z", "live_revision": null, "header": "", "type": "law", "summary": "fast shower are more energising", "body": "", "link": "", "reference": "", "notes": "", "tagged_items": []}',NULL,9,1,'2019-10-12 20:53:44.105524');
CREATE TABLE "wagtailcore_pageviewrestriction" ("id" integer NOT NULL PRIMARY KEY AUTOINCREMENT, "page_id" integer NOT NULL REFERENCES "wagtailcore_page" ("id") DEFERRABLE INITIALLY DEFERRED, "restriction_type" varchar(20) NOT NULL, "password" varchar(255) NOT NULL);
CREATE TABLE "wagtailcore_grouppagepermission" ("id" integer NOT NULL PRIMARY KEY AUTOINCREMENT, "group_id" integer NOT NULL REFERENCES "auth_group" ("id") DEFERRABLE INITIALLY DEFERRED, "page_id" integer NOT NULL REFERENCES "wagtailcore_page" ("id") DEFERRABLE INITIALLY DEFERRED, "permission_type" varchar(20) NOT NULL);
INSERT INTO "wagtailcore_grouppagepermission" VALUES(1,1,1,'add');
INSERT INTO "wagtailcore_grouppagepermission" VALUES(2,1,1,'edit');
INSERT INTO "wagtailcore_grouppagepermission" VALUES(3,1,1,'publish');
INSERT INTO "wagtailcore_grouppagepermission" VALUES(4,2,1,'add');
INSERT INTO "wagtailcore_grouppagepermission" VALUES(5,2,1,'edit');
INSERT INTO "wagtailcore_grouppagepermission" VALUES(6,1,1,'lock');
INSERT INTO "wagtailcore_grouppagepermission" VALUES(7,3,4,'add');
INSERT INTO "wagtailcore_grouppagepermission" VALUES(8,3,4,'publish');
INSERT INTO "wagtailcore_grouppagepermission" VALUES(9,3,4,'edit');
CREATE TABLE "wagtailcore_collectionviewrestriction" ("id" integer NOT NULL PRIMARY KEY AUTOINCREMENT, "restriction_type" varchar(20) NOT NULL, "password" varchar(255) NOT NULL, "collection_id" integer NOT NULL REFERENCES "wagtailcore_collection" ("id") DEFERRABLE INITIALLY DEFERRED);
CREATE TABLE "wagtailcore_collectionviewrestriction_groups" ("id" integer NOT NULL PRIMARY KEY AUTOINCREMENT, "collectionviewrestriction_id" integer NOT NULL REFERENCES "wagtailcore_collectionviewrestriction" ("id") DEFERRABLE INITIALLY DEFERRED, "group_id" integer NOT NULL REFERENCES "auth_group" ("id") DEFERRABLE INITIALLY DEFERRED);
CREATE TABLE "wagtailcore_pageviewrestriction_groups" ("id" integer NOT NULL PRIMARY KEY AUTOINCREMENT, "pageviewrestriction_id" integer NOT NULL REFERENCES "wagtailcore_pageviewrestriction" ("id") DEFERRABLE INITIALLY DEFERRED, "group_id" integer NOT NULL REFERENCES "auth_group" ("id") DEFERRABLE INITIALLY DEFERRED);
CREATE TABLE "wagtailcore_page" ("id" integer NOT NULL PRIMARY KEY AUTOINCREMENT, "path" varchar(255) NOT NULL UNIQUE, "depth" integer unsigned NOT NULL CHECK ("depth" >= 0), "numchild" integer unsigned NOT NULL CHECK ("numchild" >= 0), "title" varchar(255) NOT NULL, "slug" varchar(255) NOT NULL, "live" bool NOT NULL, "has_unpublished_changes" bool NOT NULL, "url_path" text NOT NULL, "seo_title" varchar(255) NOT NULL, "show_in_menus" bool NOT NULL, "search_description" text NOT NULL, "go_live_at" datetime NULL, "expire_at" datetime NULL, "expired" bool NOT NULL, "content_type_id" integer NOT NULL REFERENCES "django_content_type" ("id") DEFERRABLE INITIALLY DEFERRED, "owner_id" integer NULL REFERENCES "auth_user" ("id") DEFERRABLE INITIALLY DEFERRED, "locked" bool NOT NULL, "latest_revision_created_at" datetime NULL, "first_published_at" datetime NULL, "live_revision_id" integer NULL REFERENCES "wagtailcore_pagerevision" ("id") DEFERRABLE INITIALLY DEFERRED, "last_published_at" datetime NULL, "draft_title" varchar(255) NOT NULL);
INSERT INTO "wagtailcore_page" VALUES(1,'0001',1,1,'Root','root',1,0,'/','',0,'',NULL,NULL,0,1,NULL,0,NULL,NULL,NULL,NULL,'Root');
INSERT INTO "wagtailcore_page" VALUES(3,'00010001',2,1,'Home','home',1,0,'/home/','',0,'',NULL,NULL,0,2,NULL,0,NULL,NULL,NULL,NULL,'Home');
INSERT INTO "wagtailcore_page" VALUES(4,'000100010001',3,4,'Green Habits Full list','green-habits',1,0,'/home/green-habits/','Summary of all Green Habits (to triage)',0,'',NULL,NULL,0,6,1,0,'2019-10-06 23:23:22.573511','2019-10-06 22:06:36.027951',6,'2019-10-06 23:23:22.597256','Green Habits Full list');
INSERT INTO "wagtailcore_page" VALUES(5,'0001000100010001',4,0,'The hunger game','hunger-game',1,0,'/home/green-habits/hunger-game/','',0,'',NULL,NULL,0,7,1,0,'2019-10-11 21:29:23.719242','2019-10-06 23:21:32.879226',8,'2019-10-11 21:29:23.753761','The hunger game');
INSERT INTO "wagtailcore_page" VALUES(6,'0001000100010002',4,0,'test Dan','test-dan',0,1,'/home/green-habits/test-dan/','',0,'',NULL,NULL,0,7,2,0,'2019-10-12 00:05:45.351542',NULL,NULL,NULL,'test Dan');
INSERT INTO "wagtailcore_page" VALUES(8,'0001000100010003',4,0,'The Truth','truth',0,1,'/home/green-habits/truth/','',0,'',NULL,NULL,0,7,1,0,'2019-10-12 09:26:51.006258',NULL,NULL,NULL,'The Truth');
INSERT INTO "wagtailcore_page" VALUES(9,'0001000100010004',4,0,'Quick shower','quick-shower',1,0,'/home/green-habits/quick-shower/','',0,'',NULL,NULL,0,7,1,0,'2019-10-12 20:53:44.105524','2019-10-12 20:53:44.127430',13,'2019-10-12 20:53:44.127430','Quick shower');
CREATE TABLE "taggit_tag" ("id" integer NOT NULL PRIMARY KEY AUTOINCREMENT, "name" varchar(100) NOT NULL UNIQUE, "slug" varchar(100) NOT NULL UNIQUE);
INSERT INTO "taggit_tag" VALUES(1,'radical','radical');
INSERT INTO "taggit_tag" VALUES(2,'diet','diet');
INSERT INTO "taggit_tag" VALUES(3,'consumption','consumption');
INSERT INTO "taggit_tag" VALUES(4,'rebellion','rebellion');
INSERT INTO "taggit_tag" VALUES(5,'extinction rebellion','extinction-rebellion');
INSERT INTO "taggit_tag" VALUES(6,'extinction','extinction');
CREATE TABLE "taggit_taggeditem" ("id" integer NOT NULL PRIMARY KEY AUTOINCREMENT, "object_id" integer NOT NULL, "content_type_id" integer NOT NULL REFERENCES "django_content_type" ("id") DEFERRABLE INITIALLY DEFERRED, "tag_id" integer NOT NULL REFERENCES "taggit_tag" ("id") DEFERRABLE INITIALLY DEFERRED);
CREATE TABLE "greenhabits_greenhabitindexpage" ("page_ptr_id" integer NOT NULL PRIMARY KEY REFERENCES "wagtailcore_page" ("id") DEFERRABLE INITIALLY DEFERRED, "intro" text NOT NULL);
INSERT INTO "greenhabits_greenhabitindexpage" VALUES(4,'<p>All green habits submissions</p>');
CREATE TABLE "greenhabits_greenhabittagindexpage" ("page_ptr_id" integer NOT NULL PRIMARY KEY REFERENCES "wagtailcore_page" ("id") DEFERRABLE INITIALLY DEFERRED);
CREATE TABLE "greenhabits_greenhabitpagetag" ("id" integer NOT NULL PRIMARY KEY AUTOINCREMENT, "content_object_id" integer NOT NULL REFERENCES "greenhabits_greenhabitpage" ("page_ptr_id") DEFERRABLE INITIALLY DEFERRED, "tag_id" integer NOT NULL REFERENCES "taggit_tag" ("id") DEFERRABLE INITIALLY DEFERRED);
INSERT INTO "greenhabits_greenhabitpagetag" VALUES(10,5,1);
INSERT INTO "greenhabits_greenhabitpagetag" VALUES(11,5,2);
INSERT INTO "greenhabits_greenhabitpagetag" VALUES(12,5,3);
INSERT INTO "greenhabits_greenhabitpagetag" VALUES(13,8,4);
INSERT INTO "greenhabits_greenhabitpagetag" VALUES(14,8,5);
INSERT INTO "greenhabits_greenhabitpagetag" VALUES(15,8,6);
CREATE TABLE "home_homepage" ("page_ptr_id" integer NOT NULL PRIMARY KEY REFERENCES "wagtailcore_page" ("id") DEFERRABLE INITIALLY DEFERRED);
INSERT INTO "home_homepage" VALUES(3);
CREATE TABLE "django_session" ("session_key" varchar(40) NOT NULL PRIMARY KEY, "session_data" text NOT NULL, "expire_date" datetime NOT NULL);
INSERT INTO "django_session" VALUES('zdrx6ake1ik7p82p8m2la7p3gyekpmu7','ZGVmODIzM2IxYjE0YWE1N2RiMGRkYTZlMDEzOWJhYWE0ZTFjZGMxMzp7Il9hdXRoX3VzZXJfaWQiOiIxIiwiX2F1dGhfdXNlcl9iYWNrZW5kIjoiZGphbmdvLmNvbnRyaWIuYXV0aC5iYWNrZW5kcy5Nb2RlbEJhY2tlbmQiLCJfYXV0aF91c2VyX2hhc2giOiIzODZjOTdmNDRlYWUzMzZiZDM2Zjk0ZjkyMTM1ZTc3ODY1MTYwYjVjIn0=','2019-10-20 23:44:16.270503');
INSERT INTO "django_session" VALUES('rk2t9vhy9vaiam7te5areognmqy6rhto','ZGVmODIzM2IxYjE0YWE1N2RiMGRkYTZlMDEzOWJhYWE0ZTFjZGMxMzp7Il9hdXRoX3VzZXJfaWQiOiIxIiwiX2F1dGhfdXNlcl9iYWNrZW5kIjoiZGphbmdvLmNvbnRyaWIuYXV0aC5iYWNrZW5kcy5Nb2RlbEJhY2tlbmQiLCJfYXV0aF91c2VyX2hhc2giOiIzODZjOTdmNDRlYWUzMzZiZDM2Zjk0ZjkyMTM1ZTc3ODY1MTYwYjVjIn0=','2019-10-25 23:56:41.706108');
INSERT INTO "django_session" VALUES('4d9poxyes3vqb4jzkanvyqsh4ryyfts7','Y2QxMTEzMDBiNjMxMzJhNjY0MDlhMDMzNTk5MDYyNThhNzk2ZGI4ZTp7Il9hdXRoX3VzZXJfaWQiOiIyIiwiX2F1dGhfdXNlcl9iYWNrZW5kIjoiZGphbmdvLmNvbnRyaWIuYXV0aC5iYWNrZW5kcy5Nb2RlbEJhY2tlbmQiLCJfYXV0aF91c2VyX2hhc2giOiIyOWVhMzMxMzA1NTRkMGEzODBmZTZhMDFkODNkZDFiYmQ4YjRiNjZjIiwid2FndGFpbC1wcmV2aWV3LTciOlsiY3NyZm1pZGRsZXdhcmV0b2tlbj1tanF2YWlWTEZEUFNKQWVyUk9lQ2RqVFE3V2FsZ1hHYm1MZXdvTmhSeFBGaDg1UDRZSWFic3BXNkkydWhNZmRJJm5leHQ9JnRpdGxlPXRlc3QrZGFuMiZkYXRlPTIwMTktMTAtMTImdGFncz0mc3VtbWFyeT0mdHlwZT1lc3NlbnRpYWwmYm9keT1udWxsJmxpbms9JnJlZmVyZW5jZT0mbm90ZXM9JnNsdWc9dGVzdC1kYW4yJnNlb190aXRsZT0mc2VhcmNoX2Rlc2NyaXB0aW9uPSZnb19saXZlX2F0PSZleHBpcmVfYXQ9IiwxNTcwODM4ODExLjc4NjY0NDddfQ==','2019-10-26 00:06:51.804054');
INSERT INTO "django_session" VALUES('i176sl6oa462jjxqrsz7es73x9vzccri','ZGVmODIzM2IxYjE0YWE1N2RiMGRkYTZlMDEzOWJhYWE0ZTFjZGMxMzp7Il9hdXRoX3VzZXJfaWQiOiIxIiwiX2F1dGhfdXNlcl9iYWNrZW5kIjoiZGphbmdvLmNvbnRyaWIuYXV0aC5iYWNrZW5kcy5Nb2RlbEJhY2tlbmQiLCJfYXV0aF91c2VyX2hhc2giOiIzODZjOTdmNDRlYWUzMzZiZDM2Zjk0ZjkyMTM1ZTc3ODY1MTYwYjVjIn0=','2019-10-25 23:59:22.617793');
INSERT INTO "django_session" VALUES('l4kydf52k3gr3adu3ci1qvb5oi9kl3hq','ZGVmODIzM2IxYjE0YWE1N2RiMGRkYTZlMDEzOWJhYWE0ZTFjZGMxMzp7Il9hdXRoX3VzZXJfaWQiOiIxIiwiX2F1dGhfdXNlcl9iYWNrZW5kIjoiZGphbmdvLmNvbnRyaWIuYXV0aC5iYWNrZW5kcy5Nb2RlbEJhY2tlbmQiLCJfYXV0aF91c2VyX2hhc2giOiIzODZjOTdmNDRlYWUzMzZiZDM2Zjk0ZjkyMTM1ZTc3ODY1MTYwYjVjIn0=','2019-11-09 23:12:18.517389');
CREATE TABLE "wagtaildocs_document" ("id" integer NOT NULL PRIMARY KEY AUTOINCREMENT, "title" varchar(255) NOT NULL, "file" varchar(100) NOT NULL, "created_at" datetime NOT NULL, "uploaded_by_user_id" integer NULL REFERENCES "auth_user" ("id") DEFERRABLE INITIALLY DEFERRED, "collection_id" integer NOT NULL REFERENCES "wagtailcore_collection" ("id") DEFERRABLE INITIALLY DEFERRED, "file_size" integer unsigned NULL CHECK ("file_size" >= 0), "file_hash" varchar(40) NOT NULL);
CREATE TABLE "wagtailembeds_embed" ("id" integer NOT NULL PRIMARY KEY AUTOINCREMENT, "url" varchar(200) NOT NULL, "max_width" smallint NULL, "type" varchar(10) NOT NULL, "html" text NOT NULL, "title" text NOT NULL, "author_name" text NOT NULL, "provider_name" text NOT NULL, "width" integer NULL, "height" integer NULL, "last_updated" datetime NOT NULL, "thumbnail_url" varchar(255) NULL);
CREATE TABLE "wagtailforms_formsubmission" ("id" integer NOT NULL PRIMARY KEY AUTOINCREMENT, "form_data" text NOT NULL, "page_id" integer NOT NULL REFERENCES "wagtailcore_page" ("id") DEFERRABLE INITIALLY DEFERRED, "submit_time" datetime NOT NULL);
CREATE TABLE "wagtailimages_image" ("id" integer NOT NULL PRIMARY KEY AUTOINCREMENT, "title" varchar(255) NOT NULL, "file" varchar(100) NOT NULL, "width" integer NOT NULL, "height" integer NOT NULL, "created_at" datetime NOT NULL, "focal_point_x" integer unsigned NULL CHECK ("focal_point_x" >= 0), "focal_point_y" integer unsigned NULL CHECK ("focal_point_y" >= 0), "focal_point_width" integer unsigned NULL CHECK ("focal_point_width" >= 0), "focal_point_height" integer unsigned NULL CHECK ("focal_point_height" >= 0), "uploaded_by_user_id" integer NULL REFERENCES "auth_user" ("id") DEFERRABLE INITIALLY DEFERRED, "file_size" integer unsigned NULL CHECK ("file_size" >= 0), "collection_id" integer NOT NULL REFERENCES "wagtailcore_collection" ("id") DEFERRABLE INITIALLY DEFERRED, "file_hash" varchar(40) NOT NULL);
CREATE TABLE "wagtailimages_rendition" ("id" integer NOT NULL PRIMARY KEY AUTOINCREMENT, "file" varchar(100) NOT NULL, "width" integer NOT NULL, "height" integer NOT NULL, "focal_point_key" varchar(16) NOT NULL, "filter_spec" varchar(255) NOT NULL, "image_id" integer NOT NULL REFERENCES "wagtailimages_image" ("id") DEFERRABLE INITIALLY DEFERRED);
CREATE TABLE "wagtailredirects_redirect" ("id" integer NOT NULL PRIMARY KEY AUTOINCREMENT, "old_path" varchar(255) NOT NULL, "is_permanent" bool NOT NULL, "redirect_page_id" integer NULL REFERENCES "wagtailcore_page" ("id") DEFERRABLE INITIALLY DEFERRED, "site_id" integer NULL REFERENCES "wagtailcore_site" ("id") DEFERRABLE INITIALLY DEFERRED, "redirect_link" varchar(255) NOT NULL);
CREATE TABLE "wagtailsearch_query" ("id" integer NOT NULL PRIMARY KEY AUTOINCREMENT, "query_string" varchar(255) NOT NULL UNIQUE);
CREATE TABLE "wagtailsearch_querydailyhits" ("id" integer NOT NULL PRIMARY KEY AUTOINCREMENT, "date" date NOT NULL, "hits" integer NOT NULL, "query_id" integer NOT NULL REFERENCES "wagtailsearch_query" ("id") DEFERRABLE INITIALLY DEFERRED);
CREATE TABLE "wagtailsearch_editorspick" ("id" integer NOT NULL PRIMARY KEY AUTOINCREMENT, "sort_order" integer NULL, "description" text NOT NULL, "query_id" integer NOT NULL REFERENCES "wagtailsearch_query" ("id") DEFERRABLE INITIALLY DEFERRED, "page_id" integer NOT NULL REFERENCES "wagtailcore_page" ("id") DEFERRABLE INITIALLY DEFERRED);
CREATE TABLE "wagtailusers_userprofile" ("id" integer NOT NULL PRIMARY KEY AUTOINCREMENT, "submitted_notifications" bool NOT NULL, "approved_notifications" bool NOT NULL, "rejected_notifications" bool NOT NULL, "user_id" integer NOT NULL UNIQUE REFERENCES "auth_user" ("id") DEFERRABLE INITIALLY DEFERRED, "preferred_language" varchar(10) NOT NULL, "current_time_zone" varchar(40) NOT NULL, "avatar" varchar(100) NOT NULL);
INSERT INTO "wagtailusers_userprofile" VALUES(1,1,1,1,1,'','','');
CREATE TABLE "account_emailconfirmation" ("id" integer NOT NULL PRIMARY KEY AUTOINCREMENT, "created" datetime NOT NULL, "sent" datetime NULL, "key" varchar(64) NOT NULL UNIQUE, "email_address_id" integer NOT NULL REFERENCES "account_emailaddress" ("id") DEFERRABLE INITIALLY DEFERRED);
CREATE TABLE "account_emailaddress" ("id" integer NOT NULL PRIMARY KEY AUTOINCREMENT, "verified" bool NOT NULL, "primary" bool NOT NULL, "user_id" integer NOT NULL REFERENCES "auth_user" ("id") DEFERRABLE INITIALLY DEFERRED, "email" varchar(254) NOT NULL UNIQUE);
INSERT INTO "account_emailaddress" VALUES(1,0,1,3,'yann.vr@gmail.com');
CREATE TABLE "django_site" ("id" integer NOT NULL PRIMARY KEY AUTOINCREMENT, "name" varchar(50) NOT NULL, "domain" varchar(100) NOT NULL UNIQUE);
INSERT INTO "django_site" VALUES(1,'example.com','example.com');
CREATE TABLE "socialaccount_socialapp_sites" ("id" integer NOT NULL PRIMARY KEY AUTOINCREMENT, "socialapp_id" integer NOT NULL REFERENCES "socialaccount_socialapp" ("id") DEFERRABLE INITIALLY DEFERRED, "site_id" integer NOT NULL REFERENCES "django_site" ("id") DEFERRABLE INITIALLY DEFERRED);
CREATE TABLE "socialaccount_socialtoken" ("id" integer NOT NULL PRIMARY KEY AUTOINCREMENT, "token" text NOT NULL, "token_secret" text NOT NULL, "expires_at" datetime NULL, "account_id" integer NOT NULL REFERENCES "socialaccount_socialaccount" ("id") DEFERRABLE INITIALLY DEFERRED, "app_id" integer NOT NULL REFERENCES "socialaccount_socialapp" ("id") DEFERRABLE INITIALLY DEFERRED);
CREATE TABLE "socialaccount_socialapp" ("id" integer NOT NULL PRIMARY KEY AUTOINCREMENT, "provider" varchar(30) NOT NULL, "name" varchar(40) NOT NULL, "client_id" varchar(191) NOT NULL, "key" varchar(191) NOT NULL, "secret" varchar(191) NOT NULL);
CREATE TABLE "socialaccount_socialaccount" ("id" integer NOT NULL PRIMARY KEY AUTOINCREMENT, "provider" varchar(30) NOT NULL, "uid" varchar(191) NOT NULL, "last_login" datetime NOT NULL, "date_joined" datetime NOT NULL, "user_id" integer NOT NULL REFERENCES "auth_user" ("id") DEFERRABLE INITIALLY DEFERRED, "extra_data" text NOT NULL);
CREATE TABLE "greenhabits_greenhabitpage" ("page_ptr_id" integer NOT NULL PRIMARY KEY REFERENCES "wagtailcore_page" ("id") DEFERRABLE INITIALLY DEFERRED, "header" varchar(250) NOT NULL, "type" varchar(20) NOT NULL, "summary" varchar(250) NOT NULL, "body" text NOT NULL, "link" varchar(200) NOT NULL, "reference" varchar(250) NOT NULL, "notes" text NOT NULL);
INSERT INTO "greenhabits_greenhabitpage" VALUES(5,'','law','Eating is for survival. Not to satisfy social norms.','<p>We have been conditioned to eat three times a day. Parents are effectively force feeding their children while effectively, their growth is coded in their DNA therefore the diet, while instrumental, is not the driver of their physical development.<br/>There is no need to eat, work and repeat without assessing what we eat for and what we sleep for.</p>','','','');
INSERT INTO "greenhabits_greenhabitpage" VALUES(6,'','essential','Fill me up','','','','');
INSERT INTO "greenhabits_greenhabitpage" VALUES(8,'','law','We are facing an unprecedented global emergency. Life on Earth is in crisis: scientists agree we have entered a period of abrupt climate breakdown, and we are in the midst of a mass extinction of our own making.','','','','');
INSERT INTO "greenhabits_greenhabitpage" VALUES(9,'','law','fast shower are more energising','','','','');
DELETE FROM sqlite_sequence;
INSERT INTO "sqlite_sequence" VALUES('django_migrations',136);
INSERT INTO "sqlite_sequence" VALUES('django_admin_log',0);
INSERT INTO "sqlite_sequence" VALUES('django_content_type',37);
INSERT INTO "sqlite_sequence" VALUES('auth_permission',145);
INSERT INTO "sqlite_sequence" VALUES('auth_user',3);
INSERT INTO "sqlite_sequence" VALUES('auth_group',3);
INSERT INTO "sqlite_sequence" VALUES('wagtailcore_site',2);
INSERT INTO "sqlite_sequence" VALUES('wagtailcore_collection',1);
INSERT INTO "sqlite_sequence" VALUES('wagtailcore_pagerevision',13);
INSERT INTO "sqlite_sequence" VALUES('wagtailcore_pageviewrestriction',0);
INSERT INTO "sqlite_sequence" VALUES('wagtailcore_grouppagepermission',9);
INSERT INTO "sqlite_sequence" VALUES('wagtailcore_pageviewrestriction_groups',0);
INSERT INTO "sqlite_sequence" VALUES('wagtailcore_page',9);
INSERT INTO "sqlite_sequence" VALUES('auth_group_permissions',15);
INSERT INTO "sqlite_sequence" VALUES('wagtailcore_groupcollectionpermission',8);
INSERT INTO "sqlite_sequence" VALUES('wagtaildocs_document',0);
INSERT INTO "sqlite_sequence" VALUES('wagtailembeds_embed',0);
INSERT INTO "sqlite_sequence" VALUES('wagtailforms_formsubmission',0);
INSERT INTO "sqlite_sequence" VALUES('wagtailredirects_redirect',0);
INSERT INTO "sqlite_sequence" VALUES('wagtailsearch_editorspick',0);
INSERT INTO "sqlite_sequence" VALUES('wagtailusers_userprofile',1);
INSERT INTO "sqlite_sequence" VALUES('taggit_tag',6);
INSERT INTO "sqlite_sequence" VALUES('greenhabits_greenhabitpagetag',15);
INSERT INTO "sqlite_sequence" VALUES('auth_user_groups',2);
INSERT INTO "sqlite_sequence" VALUES('account_emailaddress',1);
INSERT INTO "sqlite_sequence" VALUES('django_site',1);
INSERT INTO "sqlite_sequence" VALUES('socialaccount_socialapp',0);
INSERT INTO "sqlite_sequence" VALUES('socialaccount_socialaccount',0);
CREATE UNIQUE INDEX "auth_group_permissions_group_id_permission_id_0cd325b0_uniq" ON "auth_group_permissions" ("group_id", "permission_id");
CREATE INDEX "auth_group_permissions_group_id_b120cbf9" ON "auth_group_permissions" ("group_id");
CREATE INDEX "auth_group_permissions_permission_id_84c5c92e" ON "auth_group_permissions" ("permission_id");
CREATE UNIQUE INDEX "auth_user_groups_user_id_group_id_94350c0c_uniq" ON "auth_user_groups" ("user_id", "group_id");
CREATE INDEX "auth_user_groups_user_id_6a12ed8b" ON "auth_user_groups" ("user_id");
CREATE INDEX "auth_user_groups_group_id_97559544" ON "auth_user_groups" ("group_id");
CREATE UNIQUE INDEX "auth_user_user_permissions_user_id_permission_id_14a6b632_uniq" ON "auth_user_user_permissions" ("user_id", "permission_id");
CREATE INDEX "auth_user_user_permissions_user_id_a95ead1b" ON "auth_user_user_permissions" ("user_id");
CREATE INDEX "auth_user_user_permissions_permission_id_1fbb5f2c" ON "auth_user_user_permissions" ("permission_id");
CREATE INDEX "django_admin_log_content_type_id_c4bce8eb" ON "django_admin_log" ("content_type_id");
CREATE INDEX "django_admin_log_user_id_c564eba6" ON "django_admin_log" ("user_id");
CREATE UNIQUE INDEX "django_content_type_app_label_model_76bd3d3b_uniq" ON "django_content_type" ("app_label", "model");
CREATE UNIQUE INDEX "auth_permission_content_type_id_codename_01ab375a_uniq" ON "auth_permission" ("content_type_id", "codename");
CREATE INDEX "auth_permission_content_type_id_2f476e4b" ON "auth_permission" ("content_type_id");
CREATE UNIQUE INDEX "wagtailcore_site_hostname_port_2c626d70_uniq" ON "wagtailcore_site" ("hostname", "port");
CREATE INDEX "wagtailcore_site_hostname_96b20b46" ON "wagtailcore_site" ("hostname");
CREATE INDEX "wagtailcore_site_root_page_id_e02fb95c" ON "wagtailcore_site" ("root_page_id");
CREATE UNIQUE INDEX "wagtailcore_groupcollectionpermission_group_id_collection_id_permission_id_a21cefe9_uniq" ON "wagtailcore_groupcollectionpermission" ("group_id", "collection_id", "permission_id");
CREATE INDEX "wagtailcore_groupcollectionpermission_collection_id_5423575a" ON "wagtailcore_groupcollectionpermission" ("collection_id");
CREATE INDEX "wagtailcore_groupcollectionpermission_group_id_05d61460" ON "wagtailcore_groupcollectionpermission" ("group_id");
CREATE INDEX "wagtailcore_groupcollectionpermission_permission_id_1b626275" ON "wagtailcore_groupcollectionpermission" ("permission_id");
CREATE INDEX "wagtailcore_pagerevision_submitted_for_moderation_c682e44c" ON "wagtailcore_pagerevision" ("submitted_for_moderation");
CREATE INDEX "wagtailcore_pagerevision_page_id_d421cc1d" ON "wagtailcore_pagerevision" ("page_id");
CREATE INDEX "wagtailcore_pagerevision_user_id_2409d2f4" ON "wagtailcore_pagerevision" ("user_id");
CREATE INDEX "wagtailcore_pagerevision_created_at_66954e3b" ON "wagtailcore_pagerevision" ("created_at");
CREATE INDEX "wagtailcore_pageviewrestriction_page_id_15a8bea6" ON "wagtailcore_pageviewrestriction" ("page_id");
CREATE UNIQUE INDEX "wagtailcore_grouppagepermission_group_id_page_id_permission_type_0898bdf8_uniq" ON "wagtailcore_grouppagepermission" ("group_id", "page_id", "permission_type");
CREATE INDEX "wagtailcore_grouppagepermission_group_id_fc07e671" ON "wagtailcore_grouppagepermission" ("group_id");
CREATE INDEX "wagtailcore_grouppagepermission_page_id_710b114a" ON "wagtailcore_grouppagepermission" ("page_id");
CREATE INDEX "wagtailcore_collectionviewrestriction_collection_id_761908ec" ON "wagtailcore_collectionviewrestriction" ("collection_id");
CREATE UNIQUE INDEX "wagtailcore_collectionviewrestriction_groups_collectionviewrestriction_id_group_id_988995ae_uniq" ON "wagtailcore_collectionviewrestriction_groups" ("collectionviewrestriction_id", "group_id");
CREATE INDEX "wagtailcore_collectionviewrestriction_groups_collectionviewrestriction_id_47320efd" ON "wagtailcore_collectionviewrestriction_groups" ("collectionviewrestriction_id");
CREATE INDEX "wagtailcore_collectionviewrestriction_groups_group_id_1823f2a3" ON "wagtailcore_collectionviewrestriction_groups" ("group_id");
CREATE UNIQUE INDEX "wagtailcore_pageviewrestriction_groups_pageviewrestriction_id_group_id_d23f80bb_uniq" ON "wagtailcore_pageviewrestriction_groups" ("pageviewrestriction_id", "group_id");
CREATE INDEX "wagtailcore_pageviewrestriction_groups_pageviewrestriction_id_f147a99a" ON "wagtailcore_pageviewrestriction_groups" ("pageviewrestriction_id");
CREATE INDEX "wagtailcore_pageviewrestriction_groups_group_id_6460f223" ON "wagtailcore_pageviewrestriction_groups" ("group_id");
CREATE INDEX "wagtailcore_page_slug_e7c11b8f" ON "wagtailcore_page" ("slug");
CREATE INDEX "wagtailcore_page_content_type_id_c28424df" ON "wagtailcore_page" ("content_type_id");
CREATE INDEX "wagtailcore_page_owner_id_fbf7c332" ON "wagtailcore_page" ("owner_id");
CREATE INDEX "wagtailcore_page_first_published_at_2b5dd637" ON "wagtailcore_page" ("first_published_at");
CREATE INDEX "wagtailcore_page_live_revision_id_930bd822" ON "wagtailcore_page" ("live_revision_id");
CREATE INDEX "taggit_taggeditem_object_id_e2d7d1df" ON "taggit_taggeditem" ("object_id");
CREATE INDEX "taggit_taggeditem_content_type_id_9957a03c" ON "taggit_taggeditem" ("content_type_id");
CREATE INDEX "taggit_taggeditem_tag_id_f4f5b767" ON "taggit_taggeditem" ("tag_id");
CREATE INDEX "taggit_taggeditem_content_type_id_object_id_196cc965_idx" ON "taggit_taggeditem" ("content_type_id", "object_id");
CREATE INDEX "greenhabits_greenhabitpagetag_content_object_id_44fbebda" ON "greenhabits_greenhabitpagetag" ("content_object_id");
CREATE INDEX "greenhabits_greenhabitpagetag_tag_id_3e4ab631" ON "greenhabits_greenhabitpagetag" ("tag_id");
CREATE INDEX "django_session_expire_date_a5c62663" ON "django_session" ("expire_date");
CREATE INDEX "wagtaildocs_document_uploaded_by_user_id_17258b41" ON "wagtaildocs_document" ("uploaded_by_user_id");
CREATE INDEX "wagtaildocs_document_collection_id_23881625" ON "wagtaildocs_document" ("collection_id");
CREATE UNIQUE INDEX "wagtailembeds_embed_url_max_width_8a2922d8_uniq" ON "wagtailembeds_embed" ("url", "max_width");
CREATE INDEX "wagtailforms_formsubmission_page_id_e48e93e7" ON "wagtailforms_formsubmission" ("page_id");
CREATE UNIQUE INDEX "wagtailimages_rendition_image_id_filter_spec_focal_point_key_323c8fe0_uniq" ON "wagtailimages_rendition" ("image_id", "filter_spec", "focal_point_key");
CREATE INDEX "wagtailimages_image_created_at_86fa6cd4" ON "wagtailimages_image" ("created_at");
CREATE INDEX "wagtailimages_image_uploaded_by_user_id_5d73dc75" ON "wagtailimages_image" ("uploaded_by_user_id");
CREATE INDEX "wagtailimages_image_collection_id_c2f8af7e" ON "wagtailimages_image" ("collection_id");
CREATE INDEX "wagtailimages_rendition_filter_spec_1cba3201" ON "wagtailimages_rendition" ("filter_spec");
CREATE INDEX "wagtailimages_rendition_image_id_3e1fd774" ON "wagtailimages_rendition" ("image_id");
CREATE UNIQUE INDEX "wagtailredirects_redirect_old_path_site_id_783622d7_uniq" ON "wagtailredirects_redirect" ("old_path", "site_id");
CREATE INDEX "wagtailredirects_redirect_old_path_bb35247b" ON "wagtailredirects_redirect" ("old_path");
CREATE INDEX "wagtailredirects_redirect_redirect_page_id_b5728a8f" ON "wagtailredirects_redirect" ("redirect_page_id");
CREATE INDEX "wagtailredirects_redirect_site_id_780a0e1e" ON "wagtailredirects_redirect" ("site_id");
CREATE UNIQUE INDEX "wagtailsearch_querydailyhits_query_id_date_1dd232e6_uniq" ON "wagtailsearch_querydailyhits" ("query_id", "date");
CREATE INDEX "wagtailsearch_querydailyhits_query_id_2185994b" ON "wagtailsearch_querydailyhits" ("query_id");
CREATE INDEX "wagtailsearch_editorspick_query_id_c6eee4a0" ON "wagtailsearch_editorspick" ("query_id");
CREATE INDEX "wagtailsearch_editorspick_page_id_28cbc274" ON "wagtailsearch_editorspick" ("page_id");
CREATE INDEX "account_emailconfirmation_email_address_id_5b7f8c58" ON "account_emailconfirmation" ("email_address_id");
CREATE INDEX "account_emailaddress_user_id_2c513194" ON "account_emailaddress" ("user_id");
CREATE UNIQUE INDEX "socialaccount_socialtoken_app_id_account_id_fca4e0ac_uniq" ON "socialaccount_socialtoken" ("app_id", "account_id");
CREATE UNIQUE INDEX "socialaccount_socialapp_sites_socialapp_id_site_id_71a9a768_uniq" ON "socialaccount_socialapp_sites" ("socialapp_id", "site_id");
CREATE INDEX "socialaccount_socialapp_sites_socialapp_id_97fb6e7d" ON "socialaccount_socialapp_sites" ("socialapp_id");
CREATE INDEX "socialaccount_socialapp_sites_site_id_2579dee5" ON "socialaccount_socialapp_sites" ("site_id");
CREATE INDEX "socialaccount_socialtoken_account_id_951f210e" ON "socialaccount_socialtoken" ("account_id");
CREATE INDEX "socialaccount_socialtoken_app_id_636a42d7" ON "socialaccount_socialtoken" ("app_id");
CREATE UNIQUE INDEX "socialaccount_socialaccount_provider_uid_fc810c6e_uniq" ON "socialaccount_socialaccount" ("provider", "uid");
CREATE INDEX "socialaccount_socialaccount_user_id_8146e70c" ON "socialaccount_socialaccount" ("user_id");
COMMIT;
